filename, fre-app, fre-ban, fre-gra, fre-gua, fre-juj, fre-org, fre-pom, fre-str, rot-app, rot-ban, rot-gra, rot-gua, rot-juj, rot-org, rot-pom, rot-str
FreshJujube-577-_jpg.rf.ff1a3f038c36002633c30ebc8fcb26a4.jpg, 0, 0, 0, 0, 1, 0, 0, 0, 0, 0, 0, 0, 0, 0, 0, 0
FreshBanana-625-_jpg.rf.fda4ac191dbbb4e777d91cd737daff3a.jpg, 0, 1, 0, 0, 0, 0, 0, 0, 0, 0, 0, 0, 0, 0, 0, 0
RottenGrape-644-_jpg.rf.fe4fe2b1560e4261d4b06a5a8a4c0139.jpg, 0, 0, 0, 0, 0, 0, 0, 0, 0, 0, 1, 0, 0, 0, 0, 0
FreshGrape-159-_jpg.rf.fad2b69ff4426ee9e26e2a87eb5609f6.jpg, 0, 0, 1, 0, 0, 0, 0, 0, 0, 0, 0, 0, 0, 0, 0, 0
FreshOrange-448-_jpg.rf.fbb670b7a2083292c3e78ade8bb34dc6.jpg, 0, 0, 0, 0, 0, 1, 0, 0, 0, 0, 0, 0, 0, 0, 0, 0
RottenBanana-381-_jpg.rf.ffa07697773b04550a6d2225c906ebf2.jpg, 0, 0, 0, 0, 0, 0, 0, 0, 0, 1, 0, 0, 0, 0, 0, 0
RottenBanana-276-_jpg.rf.faeff1d37bd12a01fb3caa355c7f957f.jpg, 0, 0, 0, 0, 0, 0, 0, 0, 0, 1, 0, 0, 0, 0, 0, 0
RottenGuava-112-_jpg.rf.fcddf003c98277da2e879b534b9890c1.jpg, 0, 0, 0, 0, 0, 0, 0, 0, 0, 0, 0, 1, 0, 0, 0, 0
FreshJujube-129-_jpg.rf.fcb3aea26c40b9fb2094925dae3d0e13.jpg, 0, 0, 0, 0, 1, 0, 0, 0, 0, 0, 0, 0, 0, 0, 0, 0
FreshStrawberry-253-_jpg.rf.febbc855d2577d0cfb27a08eec20273d.jpg, 0, 0, 0, 0, 0, 0, 0, 1, 0, 0, 0, 0, 0, 0, 0, 0
RottenStrawberry-83-_jpg.rf.fd323177f193786a742c0c5d113a2bce.jpg, 0, 0, 0, 0, 0, 0, 0, 0, 0, 0, 0, 0, 0, 0, 0, 1
FreshStrawberry-713-_jpg.rf.fb1da79579a1e3e1fc30917ba7e6145b.jpg, 0, 0, 0, 0, 0, 0, 0, 1, 0, 0, 0, 0, 0, 0, 0, 0
RottenPomegranate-19-_jpg.rf.02e9cc182f55f4241874a208dd2419a9.jpg, 0, 0, 0, 0, 0, 0, 0, 0, 0, 0, 0, 0, 0, 0, 1, 0
FreshOrange-414-_jpg.rf.034425d4e9a36e6af6edd553f4a7ee46.jpg, 0, 0, 0, 0, 0, 1, 0, 0, 0, 0, 0, 0, 0, 0, 0, 0
RottenBanana-117-_jpg.rf.0110acf0ecae57c4afef73e38511a245.jpg, 0, 0, 0, 0, 0, 0, 0, 0, 0, 1, 0, 0, 0, 0, 0, 0
FreshGuava-301-_jpg.rf.022344453b8844659564ac4764e659d4.jpg, 0, 0, 0, 1, 0, 0, 0, 0, 0, 0, 0, 0, 0, 0, 0, 0
FreshJujube-283-_jpg.rf.01ecddc62cf5f0863a8367297e863514.jpg, 0, 0, 0, 0, 1, 0, 0, 0, 0, 0, 0, 0, 0, 0, 0, 0
FreshPomgranate-356-_jpg.rf.043bd1a434010b856e41c43078dc17af.jpg, 0, 0, 0, 0, 0, 0, 1, 0, 0, 0, 0, 0, 0, 0, 0, 0
RottenBanana-705-_jpg.rf.05e775741ef31b9a7682618374f1a131.jpg, 0, 0, 0, 0, 0, 0, 0, 0, 0, 1, 0, 0, 0, 0, 0, 0
FreshBanana-524-_jpg.rf.04c4af913c4d96ec309746dd8c4cb8c8.jpg, 0, 1, 0, 0, 0, 0, 0, 0, 0, 0, 0, 0, 0, 0, 0, 0
FreshGuava-582-_jpg.rf.05b6e39eef537f5d5407313af54a76cd.jpg, 0, 0, 0, 1, 0, 0, 0, 0, 0, 0, 0, 0, 0, 0, 0, 0
RottenApple-729-_jpg.rf.064775b86f9e7c67df896e44da0c8632.jpg, 0, 0, 0, 0, 0, 0, 0, 0, 1, 0, 0, 0, 0, 0, 0, 0
FreshJujube-102-_jpg.rf.0361325c3ad6e185a223164c4b96fa8c.jpg, 0, 0, 0, 0, 1, 0, 0, 0, 0, 0, 0, 0, 0, 0, 0, 0
RottenBanana-103-_jpg.rf.05c3c2c7dcaa2fe80a4b7b64786f4b48.jpg, 0, 0, 0, 0, 0, 0, 0, 0, 0, 1, 0, 0, 0, 0, 0, 0
FreshGrape-351-_jpg.rf.0906546e472bce42d7f87b0d211cdfc9.jpg, 0, 0, 1, 0, 0, 0, 0, 0, 0, 0, 0, 0, 0, 0, 0, 0
FreshGrape-298-_jpg.rf.08f94e9228e392617106d3fd1b91a7f5.jpg, 0, 0, 1, 0, 0, 0, 0, 0, 0, 0, 0, 0, 0, 0, 0, 0
FreshOrange-149-_jpg.rf.049ce9f749bd6863c3ab368001a6cc5b.jpg, 1, 0, 0, 0, 0, 0, 0, 0, 0, 0, 0, 0, 0, 0, 0, 0
RottenJujube-481-_jpg.rf.070a37dae6d7466123c73976f3a99ff3.jpg, 0, 0, 0, 0, 0, 0, 0, 0, 0, 0, 0, 0, 1, 0, 0, 0
FreshGrape-125-_jpg.rf.08fe1c590d661cf1a49896752c7f4aac.jpg, 0, 0, 1, 0, 0, 0, 0, 0, 0, 0, 0, 0, 0, 0, 0, 0
FreshBanana-197-_jpg.rf.09f7fee02ac9d4372f96ade4295b8560.jpg, 0, 1, 0, 0, 0, 0, 0, 0, 0, 0, 0, 0, 0, 0, 0, 0
RottenBanana-386-_jpg.rf.0a246aaf9edb9682ec820e8bf06a3fb9.jpg, 0, 0, 0, 0, 0, 0, 0, 0, 0, 1, 0, 0, 0, 0, 0, 0
RottenStrawberry-691-_jpg.rf.0ad7b4df3487e6522074a8b55d9ece44.jpg, 0, 0, 0, 0, 0, 0, 0, 0, 0, 0, 0, 0, 0, 0, 0, 1
RottenGrape-219-_jpg.rf.0ee409a5243d8c4262c80617432a20c1.jpg, 0, 0, 0, 0, 0, 0, 0, 0, 0, 0, 1, 0, 0, 0, 0, 0
RottenStrawberry-186-_jpg.rf.0a3420b53eada19bcd3a71c3945a393a.jpg, 0, 0, 0, 0, 0, 0, 0, 0, 0, 0, 0, 0, 0, 0, 0, 1
RottenStrawberry-219-_jpg.rf.0f0e71d4fbe68cc3bdef32583adcadd5.jpg, 0, 0, 0, 0, 0, 0, 0, 0, 0, 0, 0, 0, 0, 0, 0, 1
RottenBanana-376-_jpg.rf.0bfebdb3148f0df1b6ce6b854c878885.jpg, 0, 0, 0, 0, 0, 0, 0, 0, 0, 1, 0, 0, 0, 0, 0, 0
RottenBanana-108-_jpg.rf.158c55a9cae07e6474c02cc9c2c1fbec.jpg, 0, 0, 0, 0, 0, 0, 0, 0, 0, 1, 0, 0, 0, 0, 0, 0
RottenBanana-140-_jpg.rf.1155fdf6482c20e956fe3190da564ff7.jpg, 0, 0, 0, 0, 0, 0, 0, 0, 0, 1, 0, 0, 0, 0, 0, 0
FreshGuava-27-_jpg.rf.0f620600cfbefcd9c24259a64e55bea7.jpg, 0, 0, 0, 1, 0, 0, 0, 0, 0, 0, 0, 0, 0, 0, 0, 0
RottenPomegranate-386-_jpg.rf.158577abce1e8d0cd8ae59b74a551152.jpg, 0, 0, 0, 0, 0, 0, 0, 0, 0, 0, 0, 0, 0, 0, 1, 0
FreshJujube-101-_jpg.rf.13244ca99ecbdddc4d4d758afe02cbf4.jpg, 0, 0, 0, 0, 1, 0, 0, 0, 0, 0, 0, 0, 0, 0, 0, 0
FreshOrange-95-_jpg.rf.0c982c7d727d1f88802f567feae94992.jpg, 0, 0, 0, 0, 0, 1, 0, 0, 0, 0, 0, 0, 0, 0, 0, 0
RottenJujube-268-_jpg.rf.170901d494d10b15191d122e51a32099.jpg, 0, 0, 0, 0, 0, 0, 0, 0, 0, 0, 0, 0, 1, 0, 0, 0
FreshBanana-199-_jpg.rf.121d59f47c6d178485d621064cb04121.jpg, 0, 1, 0, 0, 0, 0, 0, 0, 0, 0, 0, 0, 0, 0, 0, 0
FreshGrape-188-_jpg.rf.0e5564d8b86adef25db3636a5665bb69.jpg, 0, 0, 1, 0, 0, 0, 0, 0, 0, 0, 0, 0, 0, 0, 0, 0
RottenBanana-375-_jpg.rf.0ebb063cb206ae939d73249da3215537.jpg, 0, 0, 0, 0, 0, 0, 0, 0, 0, 1, 0, 0, 0, 0, 0, 0
RottenStrawberry-188-_jpg.rf.163bffc74c8c3874a4621eae4a5f1b92.jpg, 0, 0, 0, 0, 0, 0, 0, 0, 0, 0, 0, 0, 0, 0, 0, 1
RottenOrange-169-_jpg.rf.11783c6c11b27ad12c180c1427cb6dd7.jpg, 0, 0, 0, 0, 0, 0, 0, 0, 0, 0, 0, 0, 0, 1, 0, 0
RottenApple-205-_jpg.rf.112e77ad3c6a049874c05559f8377b2c.jpg, 0, 0, 0, 0, 0, 0, 0, 0, 1, 0, 0, 0, 0, 0, 0, 0
RottenPomegranate-110-_jpg.rf.1a1a437d3f1894e3cd1a9bcdfc48f058.jpg, 0, 0, 0, 0, 0, 0, 0, 0, 0, 0, 0, 0, 0, 0, 1, 0
RottenOrange-432-_jpg.rf.15b90fddda092c9dfbb41d80de3eddc7.jpg, 0, 0, 0, 0, 0, 0, 0, 0, 0, 0, 0, 0, 0, 1, 0, 0
RottenGuava-409-_jpg.rf.135b23284f0b0838dc92c528c04933cc.jpg, 0, 0, 0, 0, 0, 0, 0, 0, 0, 0, 0, 1, 0, 0, 0, 0
FreshGuava-571-_jpg.rf.176ed54fa6a5d5fde60f0f052cc6bffc.jpg, 0, 0, 0, 1, 0, 0, 0, 0, 0, 0, 0, 0, 0, 0, 0, 0
RottenJujube-760-_jpg.rf.15c9351fe6645b0e26b28eeb6e2921d5.jpg, 0, 0, 0, 0, 0, 0, 0, 0, 0, 0, 0, 0, 1, 0, 0, 0
FreshBanana-310-_jpg.rf.0882fa8f62dc957c4d5fff5fad3f2a91.jpg, 0, 1, 0, 0, 0, 0, 0, 0, 0, 0, 0, 0, 0, 0, 0, 0
RottenGrape-287-_jpg.rf.1904cae0b4f45bd069c7dfc426a45da6.jpg, 0, 0, 0, 0, 0, 0, 0, 0, 0, 0, 1, 0, 0, 0, 0, 0
RottenPomegranate-130-_jpg.rf.172a056bc9b097378cabdfc6d9de40f3.jpg, 0, 0, 0, 0, 0, 0, 0, 0, 0, 0, 0, 0, 0, 0, 1, 0
FreshPomgranate-2-_jpg.rf.176f815b1b8a4a504fa442eef05aa669.jpg, 0, 0, 0, 0, 0, 0, 1, 0, 0, 0, 0, 0, 0, 0, 0, 0
RottenGuava-693-_jpg.rf.1a24cfaf94ddb6a1b3886c55f8f90bd1.jpg, 0, 0, 0, 0, 0, 0, 0, 0, 0, 0, 0, 1, 0, 0, 0, 0
RottenStrawberry-681-_jpg.rf.1a6f71df07864080f097ac073ac92a72.jpg, 0, 0, 0, 0, 0, 0, 0, 0, 0, 0, 0, 0, 0, 0, 0, 1
RottenOrange-36-_jpg.rf.1d85a3290f68fee07a7a49c733db8002.jpg, 0, 0, 0, 0, 0, 0, 0, 0, 0, 0, 0, 0, 0, 1, 0, 0
FreshOrange-268-_jpg.rf.1eede99d74dcb963d0b944ac49403922.jpg, 0, 0, 0, 0, 0, 1, 0, 0, 0, 0, 0, 0, 0, 0, 0, 0
FreshGrape-309-_jpg.rf.206bff0875ed268c4922e31953e4f980.jpg, 0, 0, 1, 0, 0, 0, 0, 0, 0, 0, 0, 0, 0, 0, 0, 0
RottenGuava-598-_jpg.rf.21738732d5ef2f3061f2ae9ef9aefab0.jpg, 0, 0, 0, 0, 0, 0, 0, 0, 0, 0, 0, 1, 0, 0, 0, 0
FreshOrange-371-_jpg.rf.1f65edb6fadda05e766356693949cfab.jpg, 0, 0, 0, 0, 0, 1, 0, 0, 0, 0, 0, 0, 0, 0, 0, 0
RottenJujube-294-_jpg.rf.200f7d1cfb1b14cd7afbf0254837c9eb.jpg, 0, 0, 0, 0, 0, 0, 0, 0, 0, 0, 0, 0, 1, 0, 0, 0
RottenGrape-284-_jpg.rf.1effc7f786c3cb413ba24eec442662ac.jpg, 0, 0, 0, 0, 0, 0, 0, 0, 0, 0, 1, 0, 0, 0, 0, 0
FreshStrawberry-719-_jpg.rf.24d9b677b3f301a41d08bac3c8fee22d.jpg, 0, 0, 0, 0, 0, 0, 0, 1, 0, 0, 0, 0, 0, 0, 0, 0
RottenGuava-11-_jpg.rf.1c9da7888c7e1f8ef0c3310f40b52328.jpg, 0, 0, 0, 0, 0, 0, 0, 0, 0, 0, 0, 1, 0, 0, 0, 0
RottenPomegranate-127-_jpg.rf.2359c8268330c2be73974e0922223bde.jpg, 0, 0, 0, 0, 0, 0, 0, 0, 0, 0, 0, 0, 0, 0, 1, 0
RottenApple-214-_jpg.rf.26d8f6490beebbe4dcb4f8e287cd71a3.jpg, 0, 0, 0, 0, 0, 0, 0, 0, 1, 0, 0, 0, 0, 0, 0, 0
FreshGrape-10-_jpg.rf.204c66c5292081bce33c402f24e9aaf4.jpg, 0, 0, 1, 0, 0, 0, 0, 0, 0, 0, 0, 0, 0, 0, 0, 0
RottenGuava-521-_jpg.rf.20b209e76a4f9ca972e1a033c321c20d.jpg, 0, 0, 0, 0, 0, 0, 0, 0, 0, 0, 0, 1, 0, 0, 0, 0
FreshBanana-3-_jpg.rf.21ee0f752c7dcf65a28fe5842b9071cd.jpg, 0, 1, 0, 0, 0, 0, 0, 0, 0, 0, 0, 0, 0, 0, 0, 0
RottenGrape-735-_jpg.rf.26c168ee05481c1009436732639d4195.jpg, 0, 0, 0, 0, 0, 0, 0, 0, 0, 0, 1, 0, 0, 0, 0, 0
FreshGrape-676-_jpg.rf.22e36cdc4bebb130d51f72ddaec30b8b.jpg, 0, 0, 1, 0, 0, 0, 0, 0, 0, 0, 0, 0, 0, 0, 0, 0
RottenGrape-299-_jpg.rf.284a56c373de7e2407509b91fe093765.jpg, 0, 0, 0, 0, 0, 0, 0, 0, 0, 0, 1, 0, 0, 0, 0, 0
FreshGrape-296-_jpg.rf.281b344f7946b495df80020a59b4924e.jpg, 0, 0, 1, 0, 0, 0, 0, 0, 0, 0, 0, 0, 0, 0, 0, 0
FreshJujube-585-_jpg.rf.28af8e4563339d4c098b4f3914e483b4.jpg, 0, 0, 0, 0, 1, 0, 0, 0, 0, 0, 0, 0, 0, 0, 0, 0
RottenGuava-19-_jpg.rf.2ad6220c7a45d682ff7f69d1e3967530.jpg, 0, 0, 0, 0, 0, 0, 0, 0, 0, 0, 0, 1, 0, 0, 0, 0
FreshOrange-167-_jpg.rf.282df89f26827efba16e9f0bcaeff34c.jpg, 0, 0, 0, 0, 0, 1, 0, 0, 0, 0, 0, 0, 0, 0, 0, 0
RottenGuava-324-_jpg.rf.27c87d59fd40ed47f569052515cf62c6.jpg, 0, 0, 0, 0, 0, 0, 0, 0, 0, 0, 0, 1, 0, 0, 0, 0
FreshPomgranate-715-_jpg.rf.28840798d576f4b344ad4d7442e08049.jpg, 0, 0, 0, 0, 0, 0, 1, 0, 0, 0, 0, 0, 0, 0, 0, 0
RottenBanana-641-_jpg.rf.2968a89a245f2f348c0caab93536ccb6.jpg, 0, 0, 0, 0, 0, 0, 0, 0, 0, 1, 0, 0, 0, 0, 0, 0
RottenBanana-114-_jpg.rf.2a20b61147834e4198e0ef5df676cafc.jpg, 0, 0, 0, 0, 0, 0, 0, 0, 0, 1, 0, 0, 0, 0, 0, 0
FreshStrawberry-152-_jpg.rf.27603c671436087d5a3f01f250b96202.jpg, 0, 0, 0, 0, 0, 0, 0, 1, 0, 0, 0, 0, 0, 0, 0, 0
RottenBanana-503-_jpg.rf.2c122faebe22396586ad64ba297d63df.jpg, 0, 0, 0, 0, 0, 0, 0, 0, 0, 1, 0, 0, 0, 0, 0, 0
RottenOrange-348-_jpg.rf.28fe934fbd50a1dcc0859a605e166c6d.jpg, 0, 0, 0, 0, 0, 0, 0, 0, 0, 0, 0, 0, 0, 1, 0, 0
RottenApple-207-_jpg.rf.2d0fd362f3128b3a659ccc2c1c8501f4.jpg, 0, 0, 0, 0, 0, 0, 0, 0, 1, 0, 0, 0, 0, 0, 0, 0
FreshStrawberry-177-_jpg.rf.2c62f7c9378d6044d2db55334e7d8e8f.jpg, 0, 0, 0, 0, 0, 0, 0, 1, 0, 0, 0, 0, 0, 0, 0, 0
RottenJujube-46-_jpg.rf.2dc7b4ec628de749941a05edf17a2ac6.jpg, 0, 0, 0, 0, 0, 0, 0, 0, 0, 0, 0, 0, 1, 0, 0, 0
RottenJujube-736-_jpg.rf.2ba6b6fc7014724c8454a6fed066a8de.jpg, 0, 0, 0, 0, 0, 0, 0, 0, 0, 0, 0, 0, 1, 0, 0, 0
FreshOrange-508-_jpg.rf.2ffd6db51a713de70d632c1d54b62a4f.jpg, 1, 0, 0, 0, 0, 0, 0, 0, 0, 0, 0, 0, 0, 0, 0, 0
FreshStrawberry-656-_jpg.rf.305a2589c9832854be079b3bcbd6bb4e.jpg, 0, 0, 0, 0, 0, 0, 0, 1, 0, 0, 0, 0, 0, 0, 0, 0
FreshPomgranate-408-_jpg.rf.32eb21817b92ac9d0a9d61ef72bb838e.jpg, 0, 0, 0, 0, 0, 0, 1, 0, 0, 0, 0, 0, 0, 0, 0, 0
FreshOrange-335-_jpg.rf.3416169be9e5371d56951082dd32a107.jpg, 1, 0, 0, 0, 0, 0, 0, 0, 0, 0, 0, 0, 0, 0, 0, 0
RottenGrape-280-_jpg.rf.2f55231482dc99005610cd6470f5a928.jpg, 0, 0, 0, 0, 0, 0, 0, 0, 0, 0, 1, 0, 0, 0, 0, 0
FreshOrange-145-_jpg.rf.2f2cc10dacc3925467744a7105defa63.jpg, 1, 0, 0, 0, 0, 0, 0, 0, 0, 0, 0, 0, 0, 0, 0, 0
RottenGuava-719-_jpg.rf.2d645f3c9fb3751634cf5a4cfe75fb14.jpg, 0, 0, 0, 0, 0, 0, 0, 0, 0, 0, 0, 1, 0, 0, 0, 0
RottenGuava-15-_jpg.rf.3032a7b93047b2adbc907814c38a79dd.jpg, 0, 0, 0, 0, 0, 0, 0, 0, 0, 0, 0, 1, 0, 0, 0, 0
RottenJujube-290-_jpg.rf.320cf49ddbd7ebd27e27a1e915e1f2f2.jpg, 0, 0, 0, 0, 0, 0, 0, 0, 0, 0, 0, 0, 1, 0, 0, 0
FreshGrape-3-_jpg.rf.32c090b13ae352aae3dc044d719a9b10.jpg, 0, 0, 1, 0, 0, 0, 0, 0, 0, 0, 0, 0, 0, 0, 0, 0
FreshGuava-58-_jpg.rf.369afccca122fd38a7423b9147763dde.jpg, 0, 0, 0, 1, 0, 0, 0, 0, 0, 0, 0, 0, 0, 0, 0, 0
RottenOrange-485-_jpg.rf.3548ddb2fda4d9fa049be4ae75c7ea62.jpg, 0, 0, 0, 0, 0, 0, 0, 0, 0, 0, 0, 0, 0, 1, 0, 0
RottenGrape-295-_jpg.rf.3770b1d8a4c1e078009f2a48ea88f96f.jpg, 0, 0, 0, 0, 0, 0, 0, 0, 0, 0, 1, 0, 0, 0, 0, 0
FreshStrawberry-340-_jpg.rf.3541406ac27cc8de62d99f989ff03656.jpg, 0, 0, 0, 0, 0, 0, 0, 1, 0, 0, 0, 0, 0, 0, 0, 0
FreshGrape-305-_jpg.rf.35c6d217120e364c03dc1dd611593cf3.jpg, 0, 0, 1, 0, 0, 0, 0, 0, 0, 0, 0, 0, 0, 0, 0, 0
FreshJujube-551-_jpg.rf.38c6cbaafdfbf163e2d751a5736dd5b3.jpg, 0, 0, 0, 0, 1, 0, 0, 0, 0, 0, 0, 0, 0, 0, 0, 0
FreshOrange-152-_jpg.rf.3952c0acc81f6958eb8b5c58da85c240.jpg, 1, 0, 0, 0, 0, 0, 0, 0, 0, 0, 0, 0, 0, 0, 0, 0
FreshBanana-32-_jpg.rf.3d7e211e054f03505dbfb36e9ab1e809.jpg, 0, 1, 0, 0, 0, 0, 0, 0, 0, 0, 0, 0, 0, 0, 0, 0
RottenPomegranate-759-_jpg.rf.39abf72264e9f1cef89eccc5e718e216.jpg, 0, 0, 0, 0, 0, 0, 0, 0, 0, 0, 0, 0, 0, 0, 1, 0
RottenPomegranate-129-_jpg.rf.3a4a657fabaeccdc13eba7215313aa34.jpg, 0, 0, 0, 0, 0, 0, 0, 0, 0, 0, 0, 0, 0, 0, 1, 0
RottenApple-218-_jpg.rf.3faabcb3dd7275a733189d730cd6b5fc.jpg, 0, 0, 0, 0, 0, 0, 0, 0, 1, 0, 0, 0, 0, 0, 0, 0
FreshPomgranate-26-_jpg.rf.40cd9ea6b6a40f0d86d779e37c300892.jpg, 0, 0, 0, 0, 0, 0, 1, 0, 0, 0, 0, 0, 0, 0, 0, 0
RottenStrawberry-732-_jpg.rf.2195324609c2728399daecc1de634bd4.jpg, 0, 0, 0, 0, 0, 0, 0, 0, 0, 0, 0, 0, 0, 0, 0, 1
RottenOrange-359-_jpg.rf.3ad5fabec4586b2850be193752dceb83.jpg, 0, 0, 0, 0, 0, 0, 0, 0, 0, 0, 0, 0, 0, 1, 0, 0
FreshOrange-104-_jpg.rf.387cbb2661556693dfe23c5cb8d60f7c.jpg, 1, 0, 0, 0, 0, 0, 0, 0, 0, 0, 0, 0, 0, 0, 0, 0
FreshGrape-198-_jpg.rf.3e5e90490c1a5465a96a241a54f893d2.jpg, 0, 0, 1, 0, 0, 0, 0, 0, 0, 0, 0, 0, 0, 0, 0, 0
FreshBanana-142-_jpg.rf.3f0e21a4470faf0ab030bb17e713b7fc.jpg, 0, 1, 0, 0, 0, 0, 0, 0, 0, 0, 0, 0, 0, 0, 0, 0
FreshOrange-770-_jpg.rf.3f7007c5ed1534e9b13e5f3ac576c3dc.jpg, 0, 0, 0, 0, 0, 1, 0, 0, 0, 0, 0, 0, 0, 0, 0, 0
FreshPomgranate-783-_jpg.rf.3e5ea3e17c9d574d8707f70e4043e1e5.jpg, 0, 0, 0, 0, 0, 0, 1, 0, 0, 0, 0, 0, 0, 0, 0, 0
FreshStrawberry-648-_jpg.rf.37f4759dc83dc7bb7d7a1c00311f8f4b.jpg, 0, 0, 0, 0, 0, 0, 0, 1, 0, 0, 0, 0, 0, 0, 0, 0
FreshBanana-107-_jpg.rf.34be9cd828fee177102795be7d5be40d.jpg, 0, 1, 0, 0, 0, 0, 0, 0, 0, 0, 0, 0, 0, 0, 0, 0
FreshStrawberry-363-_jpg.rf.3b7728f5012d83dae43d8537fcb30d7e.jpg, 0, 0, 0, 0, 0, 0, 0, 1, 0, 0, 0, 0, 0, 0, 0, 0
RottenStrawberry-527-_jpg.rf.3fd9b38b8bb9ccc3aabc22e938780404.jpg, 0, 0, 0, 0, 0, 0, 0, 0, 0, 0, 0, 0, 0, 0, 0, 1
FreshStrawberry-377-_jpg.rf.3d795ea4fee66c74f310d10f6970fac8.jpg, 0, 0, 0, 0, 0, 0, 0, 1, 0, 0, 0, 0, 0, 0, 0, 0
RottenPomegranate-126-_jpg.rf.3c76a9e69e436d1b4e96aa7db82b5878.jpg, 0, 0, 0, 0, 0, 0, 0, 0, 0, 0, 0, 0, 0, 0, 1, 0
RottenStrawberry-38-_jpg.rf.3bf0908cac45f141636a2eda43781fe7.jpg, 0, 0, 0, 0, 0, 0, 0, 0, 0, 0, 0, 0, 0, 0, 0, 1
FreshStrawberry-510-_jpg.rf.42a30c22efcab6893477ec931bed368e.jpg, 0, 0, 0, 0, 0, 0, 0, 1, 0, 0, 0, 0, 0, 0, 0, 0
RottenPomegranate-468-_jpg.rf.394fc1f246645c0ecfeee31997464775.jpg, 0, 0, 0, 0, 0, 0, 0, 0, 0, 0, 0, 0, 0, 0, 1, 0
FreshOrange-689-_jpg.rf.4178cecc1ddeb6c069eaf0a8a8d3ea50.jpg, 0, 0, 0, 0, 0, 1, 0, 0, 0, 0, 0, 0, 0, 0, 0, 0
FreshStrawberry-408-_jpg.rf.43a4f568d8c2b91ab650c3841bd1b664.jpg, 0, 0, 0, 0, 0, 0, 0, 1, 0, 0, 0, 0, 0, 0, 0, 0
RottenGuava-492-_jpg.rf.41ad5c746e21579fce246fe8940dfc77.jpg, 0, 0, 0, 0, 0, 0, 0, 0, 0, 0, 0, 1, 0, 0, 0, 0
FreshJujube-106-_jpg.rf.41d95c850e265d005cd77fb0209580b9.jpg, 0, 0, 0, 0, 1, 0, 0, 0, 0, 0, 0, 0, 0, 0, 0, 0
FreshOrange-142-_jpg.rf.41831ff5e4dbdad43544af2fb4b5e9a4.jpg, 1, 0, 0, 0, 0, 0, 0, 0, 0, 0, 0, 0, 0, 0, 0, 0
RottenJujube-785-_jpg.rf.457d43e31a1b4c2ab9178821f27b28d9.jpg, 0, 0, 0, 0, 0, 0, 0, 0, 0, 0, 0, 0, 1, 0, 0, 0
RottenGrape-35-_jpg.rf.4a71d0c0ee5e0d12e221c5295f5a69d7.jpg, 0, 0, 0, 0, 0, 0, 0, 0, 0, 0, 1, 0, 0, 0, 0, 0
FreshBanana-4-_jpg.rf.49a251c169c8b7db4076128e31f35cca.jpg, 0, 1, 0, 0, 0, 0, 0, 0, 0, 0, 0, 0, 0, 0, 0, 0
FreshOrange-641-_jpg.rf.42b01fe62cda4d2e6c312e388f859e70.jpg, 1, 0, 0, 0, 0, 0, 0, 0, 0, 0, 0, 0, 0, 0, 0, 0
RottenBanana-106-_jpg.rf.48ad123eabd301ad57f340496f6e8067.jpg, 0, 0, 0, 0, 0, 0, 0, 0, 0, 1, 0, 0, 0, 0, 0, 0
RottenStrawberry-499-_jpg.rf.44c32d23ee346f96d17234fdb865ab30.jpg, 0, 0, 0, 0, 0, 0, 0, 0, 0, 0, 0, 0, 0, 0, 0, 1
FreshOrange-193-_jpg.rf.4abfca97ef7a2399004d597415c774f2.jpg, 0, 0, 0, 0, 0, 1, 0, 0, 0, 0, 0, 0, 0, 0, 0, 0
RottenBanana-433-_jpg.rf.4454a9aced22e77ca957032bd7110863.jpg, 0, 0, 0, 0, 0, 0, 0, 0, 0, 1, 0, 0, 0, 0, 0, 0
RottenOrange-363-_jpg.rf.45ef5d2411cc8416441093c9597f91ab.jpg, 0, 0, 0, 0, 0, 0, 0, 0, 0, 0, 0, 0, 0, 1, 0, 0
FreshGrape-299-_jpg.rf.418f1d4e1737720808699ad18fd40791.jpg, 0, 0, 1, 0, 0, 0, 0, 0, 0, 0, 0, 0, 0, 0, 0, 0
FreshStrawberry-545-_jpg.rf.4bcffa1e800e3c8e3eb216f2b1f5b8f6.jpg, 0, 0, 0, 0, 0, 0, 0, 1, 0, 0, 0, 0, 0, 0, 0, 0
RottenGrape-72-_jpg.rf.4a617b6f6faed599b6e5e3027107c565.jpg, 0, 0, 0, 0, 0, 0, 0, 0, 0, 0, 1, 0, 0, 0, 0, 0
RottenPomegranate-278-_jpg.rf.4aebcfd2329c089c7a6396fe2507fe1b.jpg, 0, 0, 0, 0, 0, 0, 0, 0, 0, 0, 0, 0, 0, 0, 1, 0
FreshPomgranate-754-_jpg.rf.476710830b4c681ede6b03e519d2844a.jpg, 0, 0, 0, 0, 0, 0, 1, 0, 0, 0, 0, 0, 0, 0, 0, 0
RottenStrawberry-192-_jpg.rf.4265d2f964607d22a3250cf78f5568c3.jpg, 0, 0, 0, 0, 0, 0, 0, 0, 0, 0, 0, 0, 0, 0, 0, 1
FreshGrape-111-_jpg.rf.4e3c058eb5ff4ab8bd924692bdf8bf4b.jpg, 0, 0, 1, 0, 0, 0, 0, 0, 0, 0, 0, 0, 0, 0, 0, 0
RottenJujube-216-_jpg.rf.4c49fabb1f7aaec1dc935948daa44dca.jpg, 0, 0, 0, 0, 0, 0, 0, 0, 0, 0, 0, 0, 1, 0, 0, 0
FreshOrange-325-_jpg.rf.4a7684f9eb62cae584233aa67d12d824.jpg, 1, 0, 0, 0, 0, 0, 0, 0, 0, 0, 0, 0, 0, 0, 0, 0
RottenApple-472-_jpg.rf.4ba5fb12bb1b1bd0126c47be36ae6198.jpg, 0, 0, 0, 0, 0, 0, 0, 0, 1, 0, 0, 0, 0, 0, 0, 0
FreshGuava-581-_jpg.rf.44bbe8d30518f8331bfedbeba37d0e4d.jpg, 0, 0, 0, 1, 0, 0, 0, 0, 0, 0, 0, 0, 0, 0, 0, 0
RottenStrawberry-190-_jpg.rf.4d12f74704b6ff54dd43bc0ccf247786.jpg, 0, 0, 0, 0, 0, 0, 0, 0, 0, 0, 0, 0, 0, 0, 0, 1
FreshGuava-567-_jpg.rf.4b776182774032ad90f1ab9c2c156f22.jpg, 0, 0, 0, 1, 0, 0, 0, 0, 0, 0, 0, 0, 0, 0, 0, 0
RottenOrange-549-_jpg.rf.4b61962c0b7b70ad7c198659081b841e.jpg, 0, 0, 0, 0, 0, 0, 0, 0, 0, 0, 0, 0, 0, 1, 0, 0
FreshOrange-169-_jpg.rf.4e6a7793705650da80e7dfd08f3c0d85.jpg, 1, 0, 0, 0, 0, 0, 0, 0, 0, 0, 0, 0, 0, 0, 0, 0
FreshOrange-233-_jpg.rf.4f093ee33b4ec8645351031409b7fe70.jpg, 0, 0, 0, 0, 0, 1, 0, 0, 0, 0, 0, 0, 0, 0, 0, 0
RottenGuava-376-_jpg.rf.50070359aef6954eb49929a39238b375.jpg, 0, 0, 0, 0, 0, 0, 0, 0, 0, 0, 0, 1, 0, 0, 0, 0
RottenPomegranate-299-_jpg.rf.502ecdec44d6248b8f864fde26759c8a.jpg, 0, 0, 0, 0, 0, 0, 0, 0, 0, 0, 0, 0, 0, 0, 1, 0
RottenJujube-285-_jpg.rf.52e781c9a8243fe0ca5f580a4007c378.jpg, 0, 0, 0, 0, 0, 0, 0, 0, 0, 0, 0, 0, 1, 0, 0, 0
RottenApple-112-_jpg.rf.55fefc7f24565c44e9fc027afbd48ee8.jpg, 0, 0, 0, 0, 0, 0, 0, 0, 1, 0, 0, 0, 0, 0, 0, 0
FreshGuava-232-_jpg.rf.5a38c1712f80cf90f10928e310c3c22e.jpg, 0, 0, 0, 1, 0, 0, 0, 0, 0, 0, 0, 0, 0, 0, 0, 0
FreshBanana-115-_jpg.rf.5668bd00c750bbd74cb4c416fabb071e.jpg, 0, 1, 0, 0, 0, 0, 0, 0, 0, 0, 0, 0, 0, 0, 0, 0
RottenOrange-352-_jpg.rf.59f0b53db38afc18af2293e16bdd3508.jpg, 0, 0, 0, 0, 0, 0, 0, 0, 0, 0, 0, 0, 0, 1, 0, 0
RottenJujube-288-_jpg.rf.53f74d28956a12a8ec77434a8d797cc5.jpg, 0, 0, 0, 0, 0, 0, 0, 0, 0, 0, 0, 0, 1, 0, 0, 0
FreshPomgranate-244-_jpg.rf.59ad4553ed25c4925cee50f401c1f7bf.jpg, 0, 0, 0, 0, 0, 0, 1, 0, 0, 0, 0, 0, 0, 0, 0, 0
FreshOrange-158-_jpg.rf.55ad9143df5c0c063b7b825cd0cbc4e2.jpg, 1, 0, 0, 0, 0, 0, 0, 0, 0, 0, 0, 0, 0, 0, 0, 0
RottenStrawberry-194-_jpg.rf.5c05fceafa4567b8980a25a3efc501f6.jpg, 0, 0, 0, 0, 0, 0, 0, 0, 0, 0, 0, 0, 0, 0, 0, 1
FreshStrawberry-259-_jpg.rf.5b82691f6afec7bdecb1bf222e41f3da.jpg, 0, 0, 0, 0, 0, 0, 0, 1, 0, 0, 0, 0, 0, 0, 0, 0
RottenBanana-115-_jpg.rf.5db67af02e3ed5546e62963452a1baa5.jpg, 0, 0, 0, 0, 0, 0, 0, 0, 0, 1, 0, 0, 0, 0, 0, 0
RottenJujube-684-_jpg.rf.543e444d336242396a216bba1947b5fb.jpg, 0, 0, 0, 0, 0, 0, 0, 0, 0, 0, 0, 0, 1, 0, 0, 0
FreshJujube-100-_jpg.rf.5f915ce09ff41a39ac110ff11896cd4c.jpg, 0, 0, 0, 0, 1, 0, 0, 0, 0, 0, 0, 0, 0, 0, 0, 0
RottenGrape-543-_jpg.rf.4f36f18305f9bca5589030f7acca00e8.jpg, 0, 0, 0, 0, 0, 0, 0, 0, 0, 0, 1, 0, 0, 0, 0, 0
FreshJujube-284-_jpg.rf.5107c6f42331cd819eef7033b553f261.jpg, 0, 0, 0, 0, 1, 0, 0, 0, 0, 0, 0, 0, 0, 0, 0, 0
RottenStrawberry-66-_jpg.rf.5f3e8461194da1af1f2a18dd7e4b9a62.jpg, 0, 0, 0, 0, 0, 0, 0, 0, 0, 0, 0, 0, 0, 0, 0, 1
RottenStrawberry-244-_jpg.rf.598d313c2fa6ddaef8d26b0bfbf3717b.jpg, 0, 0, 0, 0, 0, 0, 0, 0, 0, 0, 0, 0, 0, 0, 0, 1
FreshGuava-198-_jpg.rf.600e512272977cf09e5f2fc85c2bf64e.jpg, 0, 0, 0, 1, 0, 0, 0, 0, 0, 0, 0, 0, 0, 0, 0, 0
FreshBanana-450-_jpg.rf.600a607e87411fe995b365f228d89b5e.jpg, 0, 1, 0, 0, 0, 0, 0, 0, 0, 0, 0, 0, 0, 0, 0, 0
RottenJujube-573-_jpg.rf.609eec97fc464ceb2637197d80e49fce.jpg, 0, 0, 0, 0, 0, 0, 0, 0, 0, 0, 0, 0, 1, 0, 0, 0
RottenJujube-617-_jpg.rf.5bc8066cf8df74ea29dc491e231b74ef.jpg, 0, 0, 0, 0, 0, 0, 0, 0, 0, 0, 0, 0, 1, 0, 0, 0
RottenJujube-287-_jpg.rf.5bb4c131c343f962d5d1de4d7c203ab1.jpg, 0, 0, 0, 0, 0, 0, 0, 0, 0, 0, 0, 0, 1, 0, 0, 0
RottenApple-22-_jpg.rf.60a500fc9c94a168dee1e13f2114b7cf.jpg, 0, 0, 0, 0, 0, 0, 0, 0, 1, 0, 0, 0, 0, 0, 0, 0
RottenStrawberry-411-_jpg.rf.5c67ce0b043e7f21dae916d352ce1c09.jpg, 0, 0, 0, 0, 0, 0, 0, 0, 0, 0, 0, 0, 0, 0, 0, 1
RottenGrape-217-_jpg.rf.50bd0c9ec5e5f70c2528bbad75c34a0b.jpg, 0, 0, 0, 0, 0, 0, 0, 0, 0, 0, 1, 0, 0, 0, 0, 0
RottenPomegranate-116-_jpg.rf.5fe79b25c4708d99a6c96ff22107467a.jpg, 0, 0, 0, 0, 0, 0, 0, 0, 0, 0, 0, 0, 0, 0, 1, 0
RottenGuava-428-_jpg.rf.62728ebdb7a80f63a0d22968d3e95965.jpg, 0, 0, 0, 0, 0, 0, 0, 0, 0, 0, 0, 1, 0, 0, 0, 0
FreshStrawberry-400-_jpg.rf.5f099cb47748d3d513bbb3c039bf85d1.jpg, 0, 0, 0, 0, 0, 0, 0, 1, 0, 0, 0, 0, 0, 0, 0, 0
FreshOrange-416-_jpg.rf.60be3fcfc4e71521193d13d2062e374d.jpg, 0, 0, 0, 0, 0, 1, 0, 0, 0, 0, 0, 0, 0, 0, 0, 0
RottenJujube-289-_jpg.rf.635a4ffe8670634d7b8395e27122dc79.jpg, 0, 0, 0, 0, 0, 0, 0, 0, 0, 0, 0, 0, 1, 0, 0, 0
FreshJujube-773-_jpg.rf.62b916c11e7f0deee8ea7c764de684d5.jpg, 0, 0, 0, 0, 1, 0, 0, 0, 0, 0, 0, 0, 0, 0, 0, 0
RottenJujube-428-_jpg.rf.630a958cf21083241e0a677ec9201fd7.jpg, 0, 0, 0, 0, 0, 0, 0, 0, 0, 0, 0, 0, 1, 0, 0, 0
RottenBanana-116-_jpg.rf.647faa9e50460604ddff7e1b63d7f7c4.jpg, 0, 0, 0, 0, 0, 0, 0, 0, 0, 1, 0, 0, 0, 0, 0, 0
RottenPomegranate-232-_jpg.rf.65c05b722a5843fa417417ff3b10707c.jpg, 0, 0, 0, 0, 0, 0, 0, 0, 0, 0, 0, 0, 0, 0, 1, 0
RottenOrange-278-_jpg.rf.65f6ecc531046b8042721709f2651267.jpg, 0, 0, 0, 0, 0, 0, 0, 0, 0, 0, 0, 0, 0, 1, 0, 0
FreshGuava-781-_jpg.rf.655b604ece22ac7bceb073d72d24806b.jpg, 0, 0, 0, 1, 0, 0, 0, 0, 0, 0, 0, 0, 0, 0, 0, 0
RottenPomegranate-795-_jpg.rf.68f74394a7c176c55232e35de4487fe7.jpg, 0, 0, 0, 0, 0, 0, 0, 0, 0, 0, 0, 0, 0, 0, 1, 0
FreshOrange-568-_jpg.rf.68bb576860cf2001f7c4cbdebbaad703.jpg, 1, 0, 0, 0, 0, 0, 0, 0, 0, 0, 0, 0, 0, 0, 0, 0
FreshBanana-360-_jpg.rf.6aeff8b36b1b7c163d2b2a91100d21c4.jpg, 0, 1, 0, 0, 0, 0, 0, 0, 0, 0, 0, 0, 0, 0, 0, 0
FreshPomgranate-370-_jpg.rf.72f731b190efe056b6fcf376b3209a82.jpg, 0, 0, 0, 0, 0, 0, 1, 0, 0, 0, 0, 0, 0, 0, 0, 0
FreshPomgranate-248-_jpg.rf.6c9d61e371376df41976495116eaa8a4.jpg, 0, 0, 0, 0, 0, 0, 1, 0, 0, 0, 0, 0, 0, 0, 0, 0
RottenStrawberry-123-_jpg.rf.73a08f03ddfd194db95c1f3edd06db9f.jpg, 0, 0, 0, 0, 0, 0, 0, 0, 0, 0, 0, 0, 0, 0, 0, 1
FreshStrawberry-376-_jpg.rf.6d54ea0802728e5fea71d54f1d15fd94.jpg, 0, 0, 0, 0, 0, 0, 0, 1, 0, 0, 0, 0, 0, 0, 0, 0
RottenPomegranate-118-_jpg.rf.685564f199ac41f7482334764b28e53c.jpg, 0, 0, 0, 0, 0, 0, 0, 0, 0, 0, 0, 0, 0, 0, 1, 0
RottenPomegranate-588-_jpg.rf.674279c9e8f012221d0d26d9ba9fdb13.jpg, 0, 0, 0, 0, 0, 0, 0, 0, 0, 0, 0, 0, 0, 0, 1, 0
RottenOrange-697-_jpg.rf.725e509d3a15b405d4f8b30902793404.jpg, 0, 0, 0, 0, 0, 0, 0, 0, 0, 0, 0, 0, 0, 1, 0, 0
FreshBanana-24-_jpg.rf.71e724c9ed850fc58c4ab2caac085aa3.jpg, 0, 1, 0, 0, 0, 0, 0, 0, 0, 0, 0, 0, 0, 0, 0, 0
FreshGrape-288-_jpg.rf.725f40ea82430a8f91888245813d33da.jpg, 0, 0, 1, 0, 0, 0, 0, 0, 0, 0, 0, 0, 0, 0, 0, 0
FreshStrawberry-227-_jpg.rf.689fb73604be1ca1c533783c499f57bf.jpg, 0, 0, 0, 0, 0, 0, 0, 1, 0, 0, 0, 0, 0, 0, 0, 0
FreshGuava-574-_jpg.rf.69d01b67419ebdcdde34743702c27b61.jpg, 0, 0, 0, 1, 0, 0, 0, 0, 0, 0, 0, 0, 0, 0, 0, 0
FreshJujube-10-_jpg.rf.6f7f00933447113d51a8ca0dc3bd32ff.jpg, 0, 0, 0, 0, 1, 0, 0, 0, 0, 0, 0, 0, 0, 0, 0, 0
FreshOrange-324-_jpg.rf.69502ff42bf93a7acfaee4c094e4ae68.jpg, 0, 0, 0, 0, 0, 1, 0, 0, 0, 0, 0, 0, 0, 0, 0, 0
RottenBanana-294-_jpg.rf.71efd58f9fadb4b2895d78e819e7d46a.jpg, 0, 0, 0, 0, 0, 0, 0, 0, 0, 1, 0, 0, 0, 0, 0, 0
RottenGrape-286-_jpg.rf.69983bba242b3beb2889440f689a22f6.jpg, 0, 0, 0, 0, 0, 0, 0, 0, 0, 0, 1, 0, 0, 0, 0, 0
FreshPomgranate-252-_jpg.rf.7498e22ecdf38d00112c7253527f8171.jpg, 0, 0, 0, 0, 0, 0, 1, 0, 0, 0, 0, 0, 0, 0, 0, 0
RottenBanana-110-_jpg.rf.733dd08f401796223956add144159a85.jpg, 0, 0, 0, 0, 0, 0, 0, 0, 0, 1, 0, 0, 0, 0, 0, 0
FreshOrange-655-_jpg.rf.6885c630cfb081163548a932fb8b2596.jpg, 0, 0, 0, 0, 0, 1, 0, 0, 0, 0, 0, 0, 0, 0, 0, 0
RottenGrape-297-_jpg.rf.6b98d46980d0eab3db9d45fa43236117.jpg, 0, 0, 0, 0, 0, 0, 0, 0, 0, 0, 1, 0, 0, 0, 0, 0
FreshGuava-411-_jpg.rf.72a403348c87e0b6f0380161a0fe94ab.jpg, 0, 0, 0, 1, 0, 0, 0, 0, 0, 0, 0, 0, 0, 0, 0, 0
FreshBanana-571-_jpg.rf.7101064ee9713b964caddf3ee85d63f1.jpg, 0, 1, 0, 0, 0, 0, 0, 0, 0, 0, 0, 0, 0, 0, 0, 0
RottenGrape-3-_jpg.rf.6fc949b788a7e405554f786c8e641f1e.jpg, 0, 0, 0, 0, 0, 0, 0, 0, 0, 0, 1, 0, 0, 0, 0, 0
RottenPomegranate-485-_jpg.rf.778ea85906dfe10d5589cf8e2c4d7e8b.jpg, 0, 0, 0, 0, 0, 0, 0, 0, 0, 0, 0, 0, 0, 0, 1, 0
FreshOrange-84-_jpg.rf.78bbd2b7600e5b7d8605457a50e1aa6a.jpg, 1, 0, 0, 0, 0, 0, 0, 0, 0, 0, 0, 0, 0, 0, 0, 0
RottenGuava-419-_jpg.rf.7b29037667ff435cef39da243292db2f.jpg, 0, 0, 0, 0, 0, 0, 0, 0, 0, 0, 0, 1, 0, 0, 0, 0
FreshGuava-445-_jpg.rf.7b4631b5a3db5760f361923653b47e60.jpg, 0, 0, 0, 1, 0, 0, 0, 0, 0, 0, 0, 0, 0, 0, 0, 0
FreshBanana-112-_jpg.rf.7ff02cea8d99a9909eb5b646db2f02e4.jpg, 0, 1, 0, 0, 0, 0, 0, 0, 0, 0, 0, 0, 0, 0, 0, 0
RottenOrange-344-_jpg.rf.77fb980553cf9f8ead4ad85d828fb8ae.jpg, 0, 0, 0, 0, 0, 0, 0, 0, 0, 0, 0, 0, 0, 1, 0, 0
FreshGuava-648-_jpg.rf.7f0ded5ef273b9e6d0443dab6869171c.jpg, 0, 0, 0, 1, 0, 0, 0, 0, 0, 0, 0, 0, 0, 0, 0, 0
RottenOrange-75-_jpg.rf.7be66200fa088646c6a4e74854728051.jpg, 0, 0, 0, 0, 0, 0, 0, 0, 0, 0, 0, 0, 0, 1, 0, 0
FreshGrape-705-_jpg.rf.7f82fe5ab1f1f61298ab698914dba95d.jpg, 0, 0, 1, 0, 0, 0, 0, 0, 0, 0, 0, 0, 0, 0, 0, 0
FreshGuava-349-_jpg.rf.828a8ba4f41c794990bcaec407fe194c.jpg, 0, 0, 0, 1, 0, 0, 0, 0, 0, 0, 0, 0, 0, 0, 0, 0
RottenStrawberry-25-_jpg.rf.832ef6ef6e0a6eb27d5a0629f63a6708.jpg, 0, 0, 0, 0, 0, 0, 0, 0, 0, 0, 0, 0, 0, 0, 0, 1
RottenGuava-557-_jpg.rf.749f5b7a4b30413db086446648ace33b.jpg, 0, 0, 0, 0, 0, 0, 0, 0, 0, 0, 0, 1, 0, 0, 0, 0
FreshOrange-17-_jpg.rf.7b480a63ce2c94dd46a52de9f2745b68.jpg, 1, 0, 0, 0, 0, 0, 0, 0, 0, 0, 0, 0, 0, 0, 0, 0
RottenStrawberry-721-_jpg.rf.74b76911a4d190d8cd797cc1721867c3.jpg, 0, 0, 0, 0, 0, 0, 0, 0, 0, 0, 0, 0, 0, 0, 0, 1
FreshOrange-679-_jpg.rf.7b1f8e03df0b0bf7aacb4f13cdf99400.jpg, 0, 0, 0, 0, 0, 1, 0, 0, 0, 0, 0, 0, 0, 0, 0, 0
RottenJujube-281-_jpg.rf.834f190e9cfd57c3a2a160c961cb34e0.jpg, 0, 0, 0, 0, 0, 0, 0, 0, 0, 0, 0, 0, 1, 0, 0, 0
FreshJujube-167-_jpg.rf.76a562d800d2634bc080cc786d4c0f7d.jpg, 0, 0, 0, 0, 1, 0, 0, 0, 0, 0, 0, 0, 0, 0, 0, 0
RottenGrape-298-_jpg.rf.74aaa7ce5b0a94d4999a760715ddde3c.jpg, 0, 0, 0, 0, 0, 0, 0, 0, 0, 0, 1, 0, 0, 0, 0, 0
RottenStrawberry-84-_jpg.rf.7a7b76da8eac51efb7f978765fd03369.jpg, 0, 0, 0, 0, 0, 0, 0, 0, 0, 0, 0, 0, 0, 0, 0, 1
RottenPomegranate-53-_jpg.rf.7e57cd8db78edd72f5ea41685d392b82.jpg, 0, 0, 0, 0, 0, 0, 0, 0, 0, 0, 0, 0, 0, 0, 1, 0
FreshJujube-249-_jpg.rf.81681cdbe8f42b60b61028179529aabe.jpg, 0, 0, 0, 0, 1, 0, 0, 0, 0, 0, 0, 0, 0, 0, 0, 0
FreshGrape-466-_jpg.rf.7b31ae53a9dca8f713ce2ef4bad17113.jpg, 0, 0, 1, 0, 0, 0, 0, 0, 0, 0, 0, 0, 0, 0, 0, 0
FreshOrange-408-_jpg.rf.821e293231c7558b9133ed764154e0a9.jpg, 1, 0, 0, 0, 0, 0, 0, 0, 0, 0, 0, 0, 0, 0, 0, 0
RottenGrape-294-_jpg.rf.7e902a11e4cd6508a615564cd5b984ed.jpg, 0, 0, 0, 0, 0, 0, 0, 0, 0, 0, 1, 0, 0, 0, 0, 0
FreshStrawberry-252-_jpg.rf.7fcecc4a86b85e15119aa85847551caf.jpg, 0, 0, 0, 0, 0, 0, 0, 1, 0, 0, 0, 0, 0, 0, 0, 0
FreshPomgranate-515-_jpg.rf.83d8111808c9ee772f99645f0a10a3a4.jpg, 0, 0, 0, 0, 0, 0, 1, 0, 0, 0, 0, 0, 0, 0, 0, 0
FreshGrape-574-_jpg.rf.85ec6c88a78388910c5fa8eed57a7a56.jpg, 0, 0, 1, 0, 0, 0, 0, 0, 0, 0, 0, 0, 0, 0, 0, 0
RottenOrange-343-_jpg.rf.863281c5166bdbe61c170fecd934770b.jpg, 0, 0, 0, 0, 0, 0, 0, 0, 0, 0, 0, 0, 0, 1, 0, 0
FreshBanana-694-_jpg.rf.8b78719881cae39e6bcd38626d665fe4.jpg, 0, 1, 0, 0, 0, 0, 0, 0, 0, 0, 0, 0, 0, 0, 0, 0
FreshJujube-105-_jpg.rf.85d61cf385af012354e58192a17ff0cf.jpg, 0, 0, 0, 0, 1, 0, 0, 0, 0, 0, 0, 0, 0, 0, 0, 0
RottenPomegranate-433-_jpg.rf.89c6ee75c6a254243be66bd83db67dcc.jpg, 0, 0, 0, 0, 0, 0, 0, 0, 0, 0, 0, 0, 0, 0, 1, 0
FreshJujube-116-_jpg.rf.84fb50095fe98b0f02f2553cf9371fad.jpg, 0, 0, 0, 0, 1, 0, 0, 0, 0, 0, 0, 0, 0, 0, 0, 0
FreshGuava-56-_jpg.rf.85c5fd255568d15d38bcdce6bd7574ef.jpg, 0, 0, 0, 1, 0, 0, 0, 0, 0, 0, 0, 0, 0, 0, 0, 0
RottenBanana-119-_jpg.rf.83e09b772d77e673fc0111232c7e6661.jpg, 0, 0, 0, 0, 0, 0, 0, 0, 0, 1, 0, 0, 0, 0, 0, 0
FreshGrape-348-_jpg.rf.894b8469ce022a12966672f393bb47fc.jpg, 0, 0, 1, 0, 0, 0, 0, 0, 0, 0, 0, 0, 0, 0, 0, 0
FreshBanana-521-_jpg.rf.8c5002b09104826c365f262487ae84ab.jpg, 0, 1, 0, 0, 0, 0, 0, 0, 0, 0, 0, 0, 0, 0, 0, 0
FreshOrange-664-_jpg.rf.8bcb932a7cde99ea7282a9ed0f8873f5.jpg, 0, 0, 0, 0, 0, 1, 0, 0, 0, 0, 0, 0, 0, 0, 0, 0
FreshGuava-673-_jpg.rf.89e8110defdf2c9f6f727fdfc29f88b8.jpg, 0, 0, 0, 1, 0, 0, 0, 0, 0, 0, 0, 0, 0, 0, 0, 0
RottenPomegranate-125-_jpg.rf.8f2b168ca6e0eae276dc8897e5260203.jpg, 0, 0, 0, 0, 0, 0, 0, 0, 0, 0, 0, 0, 0, 0, 1, 0
RottenGrape-281-_jpg.rf.8d3e2c1c99c49493a334e21040c608b8.jpg, 0, 0, 0, 0, 0, 0, 0, 0, 0, 0, 1, 0, 0, 0, 0, 0
RottenApple-212-_jpg.rf.8f15e038abade63f1e1a65fae8b326fa.jpg, 0, 0, 0, 0, 0, 0, 0, 0, 1, 0, 0, 0, 0, 0, 0, 0
FreshGuava-576-_jpg.rf.8e90dbc90781c2878d813a4ec391e9e3.jpg, 0, 0, 0, 1, 0, 0, 0, 0, 0, 0, 0, 0, 0, 0, 0, 0
FreshOrange-405-_jpg.rf.9027e4b6b856fec1c0f5d73fba37dbab.jpg, 0, 0, 0, 0, 0, 1, 0, 0, 0, 0, 0, 0, 0, 0, 0, 0
FreshJujube-588-_jpg.rf.8774caffa62cf2353ec7e734a4c4f9e4.jpg, 0, 0, 0, 0, 1, 0, 0, 0, 0, 0, 0, 0, 0, 0, 0, 0
RottenGuava-89-_jpg.rf.899785b34f0dc053a368709f58d4fcf5.jpg, 0, 0, 0, 0, 0, 0, 0, 0, 0, 0, 0, 1, 0, 0, 0, 0
FreshOrange-153-_jpg.rf.8b7e0715829231f961e804c529178572.jpg, 1, 0, 0, 0, 0, 0, 0, 0, 0, 0, 0, 0, 0, 0, 0, 0
FreshOrange-6-_jpg.rf.8a7c720d4f56f8e772cdb1ead63069cd.jpg, 0, 0, 0, 0, 0, 1, 0, 0, 0, 0, 0, 0, 0, 0, 0, 0
RottenJujube-280-_jpg.rf.8c8c9107003d3840d45b901a2f3dc2b4.jpg, 0, 0, 0, 0, 0, 0, 0, 0, 0, 0, 0, 0, 1, 0, 0, 0
RottenOrange-356-_jpg.rf.8cf5ae0319100f6adf46ea02b5edde0b.jpg, 0, 0, 0, 0, 0, 0, 0, 0, 0, 0, 0, 0, 0, 1, 0, 0
RottenGuava-113-_jpg.rf.8e43a8d75b0e8c4827e72b017a55fa85.jpg, 0, 0, 0, 0, 0, 0, 0, 0, 0, 0, 0, 1, 0, 0, 0, 0
FreshGrape-516-_jpg.rf.864d69d8a7139417c893122de47d512c.jpg, 0, 0, 1, 0, 0, 0, 0, 0, 0, 0, 0, 0, 0, 0, 0, 0
FreshOrange-172-_jpg.rf.8c6da17a61d0669aa2b5704f82131915.jpg, 1, 0, 0, 0, 0, 0, 0, 0, 0, 0, 0, 0, 0, 0, 0, 0
FreshPomgranate-770-_jpg.rf.9319ac99d8c36ec193a9bfa288d98c8c.jpg, 0, 0, 0, 0, 0, 0, 1, 0, 0, 0, 0, 0, 0, 0, 0, 0
FreshGrape-301-_jpg.rf.92edcc6c5c76794631b9fb3e028898c2.jpg, 0, 0, 1, 0, 0, 0, 0, 0, 0, 0, 0, 0, 0, 0, 0, 0
FreshOrange-307-_jpg.rf.9086abbac3eb22b21ba5e9536c7c7091.jpg, 0, 0, 0, 0, 0, 1, 0, 0, 0, 0, 0, 0, 0, 0, 0, 0
FreshJujube-1-_jpg.rf.915c96a704ac504aaa4fb76dd6b591c7.jpg, 0, 0, 0, 0, 1, 0, 0, 0, 0, 0, 0, 0, 0, 0, 0, 0
FreshGuava-575-_jpg.rf.942f9339ad9959aff1525d1c2507b434.jpg, 0, 0, 0, 1, 0, 0, 0, 0, 0, 0, 0, 0, 0, 0, 0, 0
RottenOrange-15-_jpg.rf.9cbf352b7c6770005c005c1777fea8a5.jpg, 0, 0, 0, 0, 0, 0, 0, 0, 0, 0, 0, 0, 0, 1, 0, 0
RottenGuava-114-_jpg.rf.962af4ec1a45f321de8627df612b9905.jpg, 0, 0, 0, 0, 0, 0, 0, 0, 0, 0, 0, 1, 0, 0, 0, 0
FreshBanana-125-_jpg.rf.9b11593a2a2df247614dbd1eff3893f6.jpg, 0, 1, 0, 0, 0, 0, 0, 0, 0, 0, 0, 0, 0, 0, 0, 0
RottenGuava-117-_jpg.rf.9669b3e6182e0a250cb580cf07e5a045.jpg, 0, 0, 0, 0, 0, 0, 0, 0, 0, 0, 0, 1, 0, 0, 0, 0
FreshOrange-147-_jpg.rf.a2579ee11f6651abaebaf37deebc1c3d.jpg, 1, 0, 0, 0, 0, 0, 0, 0, 0, 0, 0, 0, 0, 0, 0, 0
FreshJujube-154-_jpg.rf.9679333a0a23d4da976bb9471ffd845c.jpg, 0, 0, 0, 0, 1, 0, 0, 0, 0, 0, 0, 0, 0, 0, 0, 0
RottenBanana-366-_jpg.rf.9a581408d48a9708ade762a9e2c5771c.jpg, 0, 0, 0, 0, 0, 0, 0, 0, 0, 1, 0, 0, 0, 0, 0, 0
RottenGuava-481-_jpg.rf.9b15caaf8f348a4d7a345225d479935f.jpg, 0, 0, 0, 0, 0, 0, 0, 0, 0, 0, 0, 1, 0, 0, 0, 0
FreshStrawberry-161-_jpg.rf.9d4791b4d5d74dc372fb2bfa48c93de5.jpg, 0, 0, 0, 0, 0, 0, 0, 1, 0, 0, 0, 0, 0, 0, 0, 0
RottenOrange-571-_jpg.rf.9d00938081e1e9fc41c10a5ef69a0b22.jpg, 0, 0, 0, 0, 0, 0, 0, 0, 0, 0, 0, 0, 0, 1, 0, 0
RottenBanana-112-_jpg.rf.96b86549da3b473ef925cdf944f93937.jpg, 0, 0, 0, 0, 0, 0, 0, 0, 0, 1, 0, 0, 0, 0, 0, 0
RottenApple-259-_jpg.rf.998d2a034edbc1f3b847165afd4617b0.jpg, 0, 0, 0, 0, 0, 0, 0, 0, 1, 0, 0, 0, 0, 0, 0, 0
FreshPomgranate-253-_jpg.rf.9ee800fbdfb849f30db97b2e9e9f2b41.jpg, 0, 0, 0, 0, 0, 0, 1, 0, 0, 0, 0, 0, 0, 0, 0, 0
RottenOrange-355-_jpg.rf.9ebaa874e0712bfe5982935f609f617c.jpg, 0, 0, 0, 0, 0, 0, 0, 0, 0, 0, 0, 0, 0, 1, 0, 0
FreshJujube-484-_jpg.rf.a1f364691fe9506cdc92c7ca441c13b6.jpg, 0, 0, 0, 0, 1, 0, 0, 0, 0, 0, 0, 0, 0, 0, 0, 0
FreshPomgranate-261-_jpg.rf.9aac9f16411fe21a00771466d8e87572.jpg, 0, 0, 0, 0, 0, 0, 1, 0, 0, 0, 0, 0, 0, 0, 0, 0
FreshBanana-144-_jpg.rf.a09ba7a63b462bdf48482302d664b2f3.jpg, 0, 1, 0, 0, 0, 0, 0, 0, 0, 0, 0, 0, 0, 0, 0, 0
FreshOrange-156-_jpg.rf.9bff3e1403356d1522c1f8cb73a6670c.jpg, 1, 0, 0, 0, 0, 0, 0, 0, 0, 0, 0, 0, 0, 0, 0, 0
FreshOrange-469-_jpg.rf.a09124dd889ab7e628642c15f6cd8d93.jpg, 1, 0, 0, 0, 0, 0, 0, 0, 0, 0, 0, 0, 0, 0, 0, 0
RottenApple-204-_jpg.rf.9f091734b57a8eee860b03e3ce68d572.jpg, 0, 0, 0, 0, 0, 0, 0, 0, 1, 0, 0, 0, 0, 0, 0, 0
FreshOrange-144-_jpg.rf.9e61f1831ec0e58379316ac7f0938de2.jpg, 1, 0, 0, 0, 0, 0, 0, 0, 0, 0, 0, 0, 0, 0, 0, 0
RottenOrange-148-_jpg.rf.9d9f0244c0e51040f3b925f12b3ed3e1.jpg, 0, 0, 0, 0, 0, 0, 0, 0, 0, 0, 0, 0, 0, 1, 0, 0
RottenBanana-578-_jpg.rf.9f9d3fed478c74782f51b55570b3c692.jpg, 0, 0, 0, 0, 0, 0, 0, 0, 0, 1, 0, 0, 0, 0, 0, 0
RottenPomegranate-247-_jpg.rf.9adc443dd9713728f0f0e8cfb3c6e3f7.jpg, 0, 0, 0, 0, 0, 0, 0, 0, 0, 0, 0, 0, 0, 0, 1, 0
FreshJujube-413-_jpg.rf.a367b710d99bdfa969a03d0d1991d363.jpg, 0, 0, 0, 0, 1, 0, 0, 0, 0, 0, 0, 0, 0, 0, 0, 0
FreshStrawberry-351-_jpg.rf.a46f12d5695f7698dcef5fae215009de.jpg, 0, 0, 0, 0, 0, 0, 0, 1, 0, 0, 0, 0, 0, 0, 0, 0
RottenPomegranate-566-_jpg.rf.a6d928ca69f20157b5d44582c4201872.jpg, 0, 0, 0, 0, 0, 0, 0, 0, 0, 0, 0, 0, 0, 0, 1, 0
FreshPomgranate-243-_jpg.rf.b01e86735fbf6e9b8cc4f54b5498c42f.jpg, 0, 0, 0, 0, 0, 0, 1, 0, 0, 0, 0, 0, 0, 0, 0, 0
FreshPomgranate-171-_jpg.rf.ad61828308b94869b14c912f46beeb7b.jpg, 0, 0, 0, 0, 0, 0, 1, 0, 0, 0, 0, 0, 0, 0, 0, 0
RottenStrawberry-203-_jpg.rf.af9a1af552e91698d04324feba572c0d.jpg, 0, 0, 0, 0, 0, 0, 0, 0, 0, 0, 0, 0, 0, 0, 0, 1
FreshStrawberry-661-_jpg.rf.a63a22ed498b351f47f1c781af521f2d.jpg, 0, 0, 0, 0, 0, 0, 0, 1, 0, 0, 0, 0, 0, 0, 0, 0
RottenGuava-444-_jpg.rf.a721df80b7d7caa096e5740b0b7ec6a0.jpg, 0, 0, 0, 0, 0, 0, 0, 0, 0, 0, 0, 1, 0, 0, 0, 0
RottenStrawberry-323-_jpg.rf.af9536b892f14ccefb58b83b1a9f2e99.jpg, 0, 0, 0, 0, 0, 0, 0, 0, 0, 0, 0, 0, 0, 0, 0, 1
FreshStrawberry-503-_jpg.rf.ac4f7fd9aac7a63ec82e08e468ed3ac8.jpg, 0, 0, 0, 0, 0, 0, 0, 1, 0, 0, 0, 0, 0, 0, 0, 0
RottenBanana-111-_jpg.rf.a541b07041f493b88b94e2dcd551c3c4.jpg, 0, 0, 0, 0, 0, 0, 0, 0, 0, 1, 0, 0, 0, 0, 0, 0
FreshJujube-104-_jpg.rf.a525ae83a89038d22814cfb3592a95fe.jpg, 0, 0, 0, 0, 1, 0, 0, 0, 0, 0, 0, 0, 0, 0, 0, 0
FreshOrange-258-_jpg.rf.aabd7f3fadfe01976d80fd5ee2dede79.jpg, 1, 0, 0, 0, 0, 0, 0, 0, 0, 0, 0, 0, 0, 0, 0, 0
RottenApple-411-_jpg.rf.aaf7a3ddc299f2ca34023df083818143.jpg, 0, 0, 0, 0, 0, 0, 0, 0, 1, 0, 0, 0, 0, 0, 0, 0
RottenJujube-568-_jpg.rf.a5be9d2cee3c6eb0012c1d2db3fed946.jpg, 0, 0, 0, 0, 0, 0, 0, 0, 0, 0, 0, 0, 1, 0, 0, 0
RottenGuava-698-_jpg.rf.b008130b2f56580003b4f45bdffd919c.jpg, 0, 0, 0, 0, 0, 0, 0, 0, 0, 0, 0, 1, 0, 0, 0, 0
FreshStrawberry-203-_jpg.rf.acabc46fe8776ef1996a0dfefc2f52a3.jpg, 0, 0, 0, 0, 0, 0, 0, 1, 0, 0, 0, 0, 0, 0, 0, 0
FreshJujube-414-_jpg.rf.a451fd9dfc581b71c378ad28fbfc179c.jpg, 0, 0, 0, 0, 1, 0, 0, 0, 0, 0, 0, 0, 0, 0, 0, 0
FreshBanana-628-_jpg.rf.a448f137f40a133d311e0931b0862cbd.jpg, 0, 1, 0, 0, 0, 0, 0, 0, 0, 0, 0, 0, 0, 0, 0, 0
FreshOrange-650-_jpg.rf.a3ce6509115b2c3e9b0eb34c77e59f46.jpg, 0, 0, 0, 0, 0, 1, 0, 0, 0, 0, 0, 0, 0, 0, 0, 0
RottenApple-508-_jpg.rf.aaa90705f47ebb5ea4abccd5fd6d1124.jpg, 0, 0, 0, 0, 0, 0, 0, 0, 1, 0, 0, 0, 0, 0, 0, 0
FreshOrange-716-_jpg.rf.aa238b5249fff392c44ff1018321da20.jpg, 0, 0, 0, 0, 0, 1, 0, 0, 0, 0, 0, 0, 0, 0, 0, 0
RottenApple-227-_jpg.rf.b08e9933b46743022f12982d2051f065.jpg, 0, 0, 0, 0, 0, 0, 0, 0, 1, 0, 0, 0, 0, 0, 0, 0
FreshJujube-440-_jpg.rf.b1518e043bfda064c913441d5c67eeec.jpg, 0, 0, 0, 0, 1, 0, 0, 0, 0, 0, 0, 0, 0, 0, 0, 0
FreshOrange-468-_jpg.rf.afb174e151a51783a666bb40e7a38d4f.jpg, 0, 0, 0, 0, 0, 1, 0, 0, 0, 0, 0, 0, 0, 0, 0, 0
RottenPomegranate-565-_jpg.rf.b2e7f9a18f169c5ab3313cceee1c50a2.jpg, 0, 0, 0, 0, 0, 0, 0, 0, 0, 0, 0, 0, 0, 0, 1, 0
RottenJujube-631-_jpg.rf.b15c1eaf975b95ab506711100f27198d.jpg, 0, 0, 0, 0, 0, 0, 0, 0, 0, 0, 0, 0, 1, 0, 0, 0
FreshGuava-587-_jpg.rf.aef19dd86a72d35667c1ea28b78e9cd2.jpg, 0, 0, 0, 1, 0, 0, 0, 0, 0, 0, 0, 0, 0, 0, 0, 0
RottenGuava-685-_jpg.rf.b0cf6a866f97fa206e81cee5f96c44b5.jpg, 0, 0, 0, 0, 0, 0, 0, 0, 0, 0, 0, 1, 0, 0, 0, 0
FreshJujube-608-_jpg.rf.b46d24c1a4ac197b150b83f99f4c2f80.jpg, 0, 0, 0, 0, 1, 0, 0, 0, 0, 0, 0, 0, 0, 0, 0, 0
FreshOrange-57-_jpg.rf.b2eb40975c7ceeb4af6e2bef179fc927.jpg, 1, 0, 0, 0, 0, 0, 0, 0, 0, 0, 0, 0, 0, 0, 0, 0
RottenPomegranate-117-_jpg.rf.b465e4c5c3c042db99cf909bccb993c8.jpg, 0, 0, 0, 0, 0, 0, 0, 0, 0, 0, 0, 0, 0, 0, 1, 0
RottenApple-225-_jpg.rf.b3c716f788fa806f577d895c2b39a2c0.jpg, 0, 0, 0, 0, 0, 0, 0, 0, 1, 0, 0, 0, 0, 0, 0, 0
FreshOrange-623-_jpg.rf.b28ecbfd6425b8e14e99f04a563d3b19.jpg, 1, 0, 0, 0, 0, 0, 0, 0, 0, 0, 0, 0, 0, 0, 0, 0
RottenApple-286-_jpg.rf.b705ac89f02c45d906e904e99afeae97.jpg, 0, 0, 0, 0, 0, 0, 0, 0, 1, 0, 0, 0, 0, 0, 0, 0
FreshOrange-162-_jpg.rf.b77118872db1d3aa668742c9e0812178.jpg, 1, 0, 0, 0, 0, 0, 0, 0, 0, 0, 0, 0, 0, 0, 0, 0
RottenApple-74-_jpg.rf.b851f827337ed486c858dcb2e27ee29b.jpg, 0, 0, 0, 0, 0, 0, 0, 0, 1, 0, 0, 0, 0, 0, 0, 0
FreshOrange-1-_jpg.rf.bec9a47f76772bcdfa531578a12d9bd5.jpg, 1, 0, 0, 0, 0, 0, 0, 0, 0, 0, 0, 0, 0, 0, 0, 0
RottenApple-215-_jpg.rf.bac8845031c02e8efca43939c7d4b5db.jpg, 0, 0, 0, 0, 0, 0, 0, 0, 1, 0, 0, 0, 0, 0, 0, 0
FreshJujube-103-_jpg.rf.bb4df1be11af857de0ef0c2095cabf95.jpg, 0, 0, 0, 0, 1, 0, 0, 0, 0, 0, 0, 0, 0, 0, 0, 0
FreshGrape-304-_jpg.rf.bc90dc56df20150b405e947ef42d2098.jpg, 0, 0, 1, 0, 0, 0, 0, 0, 0, 0, 0, 0, 0, 0, 0, 0
RottenPomegranate-115-_jpg.rf.b5c7b1f36c5454061079d749a88b9236.jpg, 0, 0, 0, 0, 0, 0, 0, 0, 0, 0, 0, 0, 0, 0, 1, 0
RottenOrange-347-_jpg.rf.bff1f50ed689a372bd2d115f747504eb.jpg, 0, 0, 0, 0, 0, 0, 0, 0, 0, 0, 0, 0, 0, 1, 0, 0
FreshOrange-166-_jpg.rf.b677b31afee65e643073baa3793ccb9d.jpg, 0, 0, 0, 0, 0, 1, 0, 0, 0, 0, 0, 0, 0, 0, 0, 0
RottenBanana-526-_jpg.rf.bd50c1ce9252ace251ca26b0d1742148.jpg, 0, 0, 0, 0, 0, 0, 0, 0, 0, 1, 0, 0, 0, 0, 0, 0
RottenPomegranate-119-_jpg.rf.b7b40dff82c498a84e2fe41cc4be796a.jpg, 0, 0, 0, 0, 0, 0, 0, 0, 0, 0, 0, 0, 0, 0, 1, 0
RottenGuava-116-_jpg.rf.bfa78d17e551c1e8ca468599e71e461d.jpg, 0, 0, 0, 0, 0, 0, 0, 0, 0, 0, 0, 1, 0, 0, 0, 0
FreshGrape-718-_jpg.rf.bc4a8b5986ba998a770759d671d883c2.jpg, 0, 0, 1, 0, 0, 0, 0, 0, 0, 0, 0, 0, 0, 0, 0, 0
FreshGuava-131-_jpg.rf.ba77f8b987a8c6d4aafd5f9918147a58.jpg, 0, 0, 0, 1, 0, 0, 0, 0, 0, 0, 0, 0, 0, 0, 0, 0
FreshOrange-747-_jpg.rf.b961bb784c56bdb0d4e97d6434ae3875.jpg, 0, 0, 0, 0, 0, 1, 0, 0, 0, 0, 0, 0, 0, 0, 0, 0
FreshPomgranate-260-_jpg.rf.bf0c894dcd0fcdef5b52507d1175b6e8.jpg, 0, 0, 0, 0, 0, 0, 1, 0, 0, 0, 0, 0, 0, 0, 0, 0
RottenJujube-302-_jpg.rf.c0c38adbb11b17e5e7b2be6a43c7a6e3.jpg, 0, 0, 0, 0, 0, 0, 0, 0, 0, 0, 0, 0, 1, 0, 0, 0
RottenStrawberry-722-_jpg.rf.baa6e657ca63abb5b60c03e2e306fa42.jpg, 0, 0, 0, 0, 0, 0, 0, 0, 0, 0, 0, 0, 0, 0, 0, 1
RottenOrange-524-_jpg.rf.cac0d93780b2d957de3ae4f07f21c0f7.jpg, 0, 0, 0, 0, 0, 0, 0, 0, 0, 0, 0, 0, 0, 1, 0, 0
FreshStrawberry-17-_jpg.rf.c07c5222a5f541eba226c830beaaa670.jpg, 0, 0, 0, 0, 0, 0, 0, 1, 0, 0, 0, 0, 0, 0, 0, 0
FreshGrape-297-_jpg.rf.c1e64523931fa957fccb868a21542f7c.jpg, 0, 0, 1, 0, 0, 0, 0, 0, 0, 0, 0, 0, 0, 0, 0, 0
FreshStrawberry-174-_jpg.rf.c2a07f4edadf51819c5f2f377bd819c7.jpg, 0, 0, 0, 0, 0, 0, 0, 1, 0, 0, 0, 0, 0, 0, 0, 0
RottenJujube-293-_jpg.rf.c0869bbfdc6e5b1e03cf21606c01b5df.jpg, 0, 0, 0, 0, 0, 0, 0, 0, 0, 0, 0, 0, 1, 0, 0, 0
RottenApple-228-_jpg.rf.c2142e9cd2c479333dc1808dc08796dd.jpg, 0, 0, 0, 0, 0, 0, 0, 0, 1, 0, 0, 0, 0, 0, 0, 0
RottenStrawberry-187-_jpg.rf.c67fc8287070a7afd3fb57e619f46ba9.jpg, 0, 0, 0, 0, 0, 0, 0, 0, 0, 0, 0, 0, 0, 0, 0, 1
FreshGuava-586-_jpg.rf.c25719af31bc1daf93e35fd7889537aa.jpg, 0, 0, 0, 1, 0, 0, 0, 0, 0, 0, 0, 0, 0, 0, 0, 0
RottenGuava-152-_jpg.rf.c7007f5aa5583d136353adb9215fecab.jpg, 0, 0, 0, 0, 0, 0, 0, 0, 0, 0, 0, 1, 0, 0, 0, 0
FreshGrape-306-_jpg.rf.c7b5d009cf0680493bb20067c298be33.jpg, 0, 0, 1, 0, 0, 0, 0, 0, 0, 0, 0, 0, 0, 0, 0, 0
FreshPomgranate-247-_jpg.rf.cd419006be12a42df2624520692625be.jpg, 0, 0, 0, 0, 0, 0, 1, 0, 0, 0, 0, 0, 0, 0, 0, 0
RottenBanana-264-_jpg.rf.d096a7e305442c090b4b2de59faf7d10.jpg, 0, 0, 0, 0, 0, 0, 0, 0, 0, 1, 0, 0, 0, 0, 0, 0
RottenGuava-410-_jpg.rf.cead110d5d186c9819d33ff03d646e49.jpg, 0, 0, 0, 0, 0, 0, 0, 0, 0, 0, 0, 1, 0, 0, 0, 0
FreshBanana-11-_jpg.rf.d0a057dc83d484fb794b5a5f7695416d.jpg, 0, 1, 0, 0, 0, 0, 0, 0, 0, 0, 0, 0, 0, 0, 0, 0
FreshOrange-596-_jpg.rf.ce6a63126bf339ecf24f6b91505cc553.jpg, 0, 0, 0, 0, 0, 1, 0, 0, 0, 0, 0, 0, 0, 0, 0, 0
RottenStrawberry-326-_jpg.rf.c677c41dad3788dda2a5ccda1ee805b8.jpg, 0, 0, 0, 0, 0, 0, 0, 0, 0, 0, 0, 0, 0, 0, 0, 1
FreshGrape-248-_jpg.rf.d098b9b7b7faf91c0f30867e08401759.jpg, 0, 0, 1, 0, 0, 0, 0, 0, 0, 0, 0, 0, 0, 0, 0, 0
FreshJujube-378-_jpg.rf.cbbc6e83c39c0621f95f498865fc3bac.jpg, 0, 0, 0, 0, 1, 0, 0, 0, 0, 0, 0, 0, 0, 0, 0, 0
RottenApple-666-_jpg.rf.cfd02821b24551af0a2d2887a548efe3.jpg, 0, 0, 0, 0, 0, 0, 0, 0, 1, 0, 0, 0, 0, 0, 0, 0
FreshGuava-569-_jpg.rf.ce470d89783454da30444fc02bdf848d.jpg, 0, 0, 0, 1, 0, 0, 0, 0, 0, 0, 0, 0, 0, 0, 0, 0
RottenJujube-668-_jpg.rf.cc076044281903f36ebb2269f01143dc.jpg, 0, 0, 0, 0, 0, 0, 0, 0, 0, 0, 0, 0, 1, 0, 0, 0
FreshPomgranate-620-_jpg.rf.d2db9de21904aa72ca526a086e1ba54a.jpg, 0, 0, 0, 0, 0, 0, 1, 0, 0, 0, 0, 0, 0, 0, 0, 0
FreshPomgranate-257-_jpg.rf.d2c27569f0cfa160b6474771d58e9681.jpg, 0, 0, 0, 0, 0, 0, 1, 0, 0, 0, 0, 0, 0, 0, 0, 0
RottenOrange-210-_jpg.rf.d0ee01de652e0beb0e0f4090befabc90.jpg, 0, 0, 0, 0, 0, 0, 0, 0, 0, 0, 0, 0, 0, 1, 0, 0
RottenStrawberry-189-_jpg.rf.cf076ba0580317dff543767727ea4a7a.jpg, 0, 0, 0, 0, 0, 0, 0, 0, 0, 0, 0, 0, 0, 0, 0, 1
RottenGrape-325-_jpg.rf.d46aecc4b02468d4cc43831b891449f7.jpg, 0, 0, 0, 0, 0, 0, 0, 0, 0, 0, 1, 0, 0, 0, 0, 0
RottenGuava-353-_jpg.rf.d43a9a2be593e799a90985a79d168df8.jpg, 0, 0, 0, 0, 0, 0, 0, 0, 0, 0, 0, 1, 0, 0, 0, 0
RottenApple-21-_jpg.rf.bfa398394515bd801c503a7bf2376a6a.jpg, 0, 0, 0, 0, 0, 0, 0, 0, 1, 0, 0, 0, 0, 0, 0, 0
RottenJujube-506-_jpg.rf.dab4b2036b9e4d10a4e252c4b0ccca14.jpg, 0, 0, 0, 0, 0, 0, 0, 0, 0, 0, 0, 0, 1, 0, 0, 0
RottenJujube-291-_jpg.rf.d76a28eebf1240b826c6579da18fd1cc.jpg, 0, 0, 0, 0, 0, 0, 0, 0, 0, 0, 0, 0, 1, 0, 0, 0
FreshOrange-21-_jpg.rf.d74d727c06854789c07407aef2321d15.jpg, 0, 0, 0, 0, 0, 1, 0, 0, 0, 0, 0, 0, 0, 0, 0, 0
RottenGuava-322-_jpg.rf.ddf76c4dcc29efaa8a776aadae256fd3.jpg, 0, 0, 0, 0, 0, 0, 0, 0, 0, 0, 0, 1, 0, 0, 0, 0
FreshPomgranate-246-_jpg.rf.d8336936b03873e37039864aa4493c52.jpg, 0, 0, 0, 0, 0, 0, 1, 0, 0, 0, 0, 0, 0, 0, 0, 0
RottenOrange-467-_jpg.rf.e073c8289e3ba7b0434d92b1b6e3ab83.jpg, 0, 0, 0, 0, 0, 0, 0, 0, 0, 0, 0, 0, 0, 1, 0, 0
FreshStrawberry-303-_jpg.rf.d5d755738c6d2c667978ea82f46cde85.jpg, 0, 0, 0, 0, 0, 0, 0, 1, 0, 0, 0, 0, 0, 0, 0, 0
RottenApple-219-_jpg.rf.e0b3e55f40a5a7760c0ef78c2b2acc17.jpg, 0, 0, 0, 0, 0, 0, 0, 0, 1, 0, 0, 0, 0, 0, 0, 0
RottenGrape-462-_jpg.rf.d394d55cb8415c8ec8bce58ce4015d0a.jpg, 0, 0, 0, 0, 0, 0, 0, 0, 0, 0, 1, 0, 0, 0, 0, 0
FreshGrape-65-_jpg.rf.d721318c19af85c4594aa87622fabb21.jpg, 0, 0, 1, 0, 0, 0, 0, 0, 0, 0, 0, 0, 0, 0, 0, 0
FreshJujube-282-_jpg.rf.dfd0cc1aed36532cb91a8b0fa77441e5.jpg, 0, 0, 0, 0, 1, 0, 0, 0, 0, 0, 0, 0, 0, 0, 0, 0
RottenApple-231-_jpg.rf.d81b9b9d130f8da7ef3e5456a37956f5.jpg, 0, 0, 0, 0, 0, 0, 0, 0, 1, 0, 0, 0, 0, 0, 0, 0
RottenStrawberry-184-_jpg.rf.dd75bdae8c771f2b5ddae19cedfe22c7.jpg, 0, 0, 0, 0, 0, 0, 0, 0, 0, 0, 0, 0, 0, 0, 0, 1
FreshBanana-254-_jpg.rf.d68dfa802aa8e3938fda74938efc6e02.jpg, 0, 1, 0, 0, 0, 0, 0, 0, 0, 0, 0, 0, 0, 0, 0, 0
FreshOrange-512-_jpg.rf.deb086002ea35d1d052f6ac8eabd25cc.jpg, 0, 0, 0, 0, 0, 1, 0, 0, 0, 0, 0, 0, 0, 0, 0, 0
RottenApple-224-_jpg.rf.e1c282f7597076ad9e93bc97b374131b.jpg, 0, 0, 0, 0, 0, 0, 0, 0, 1, 0, 0, 0, 0, 0, 0, 0
RottenOrange-342-_jpg.rf.df76f105ebb548bec4ac0670489b8482.jpg, 0, 0, 0, 0, 0, 0, 0, 0, 0, 0, 0, 0, 0, 1, 0, 0
RottenOrange-727-_jpg.rf.cdc276d3e0a48bb035a13382dc4c571d.jpg, 0, 0, 0, 0, 0, 0, 0, 0, 0, 0, 0, 0, 0, 1, 0, 0
RottenGrape-29-_jpg.rf.dc3016d68c2c58d18ea8a69e08b3ebd4.jpg, 0, 0, 0, 0, 0, 0, 0, 0, 0, 0, 1, 0, 0, 0, 0, 0
FreshGuava-573-_jpg.rf.e14260cded0db5202241a966cb9c2303.jpg, 0, 0, 0, 1, 0, 0, 0, 0, 0, 0, 0, 0, 0, 0, 0, 0
FreshOrange-287-_jpg.rf.e38a3754c5d1c4b0aee9157876de3d36.jpg, 1, 0, 0, 0, 0, 0, 0, 0, 0, 0, 0, 0, 0, 0, 0, 0
RottenGrape-283-_jpg.rf.de445336da717d575abcd33c49b0d4cd.jpg, 0, 0, 0, 0, 0, 0, 0, 0, 0, 0, 1, 0, 0, 0, 0, 0
FreshPomgranate-263-_jpg.rf.e300ba2a1da2ea34f9187236dcd60507.jpg, 0, 0, 0, 0, 0, 0, 1, 0, 0, 0, 0, 0, 0, 0, 0, 0
RottenGrape-30-_jpg.rf.e53df1931a5a2c44e59e003c15f3a312.jpg, 0, 0, 0, 0, 0, 0, 0, 0, 0, 0, 1, 0, 0, 0, 0, 0
FreshStrawberry-290-_jpg.rf.e6e4fa7cd064cfae84973eb045ebd59d.jpg, 0, 0, 0, 0, 0, 0, 0, 1, 0, 0, 0, 0, 0, 0, 0, 0
FreshGuava-135-_jpg.rf.e61059cddb187395919dc56b4ff49110.jpg, 0, 0, 0, 1, 0, 0, 0, 0, 0, 0, 0, 0, 0, 0, 0, 0
FreshGrape-632-_jpg.rf.e6d09f920ecf75dc84a2ebe6708fa73a.jpg, 0, 0, 1, 0, 0, 0, 0, 0, 0, 0, 0, 0, 0, 0, 0, 0
FreshOrange-146-_jpg.rf.e2b1f71c115bd8c9f28ffc5c7a34eb3b.jpg, 1, 0, 0, 0, 0, 0, 0, 0, 0, 0, 0, 0, 0, 0, 0, 0
RottenBanana-107-_jpg.rf.e4f54575515e4d0afb9784fe265e4a1b.jpg, 0, 0, 0, 0, 0, 0, 0, 0, 0, 1, 0, 0, 0, 0, 0, 0
RottenGuava-111-_jpg.rf.e90a90149c48af605a6b6c1aa613e14a.jpg, 0, 0, 0, 0, 0, 0, 0, 0, 0, 0, 0, 1, 0, 0, 0, 0
FreshOrange-302-_jpg.rf.e50ef5f96c4b1e4089e3107d0aa04d85.jpg, 1, 0, 0, 0, 0, 0, 0, 0, 0, 0, 0, 0, 0, 0, 0, 0
FreshBanana-285-_jpg.rf.e9be8a2975fd30f7da079a44fd6b1f11.jpg, 0, 1, 0, 0, 0, 0, 0, 0, 0, 0, 0, 0, 0, 0, 0, 0
FreshJujube-476-_jpg.rf.d7284456f3ebf87c6f380ba0032a58c8.jpg, 0, 0, 0, 0, 1, 0, 0, 0, 0, 0, 0, 0, 0, 0, 0, 0
FreshBanana-726-_jpg.rf.ec0642507ee49448d05324fb2eea16ca.jpg, 0, 1, 0, 0, 0, 0, 0, 0, 0, 0, 0, 0, 0, 0, 0, 0
FreshGrape-716-_jpg.rf.eb8483a958df34c54cb3fefca4d94e78.jpg, 0, 0, 1, 0, 0, 0, 0, 0, 0, 0, 0, 0, 0, 0, 0, 0
FreshGuava-60-_jpg.rf.e975514ef8b9e599ad7dc6ec1c615b91.jpg, 0, 0, 0, 1, 0, 0, 0, 0, 0, 0, 0, 0, 0, 0, 0, 0
FreshStrawberry-79-_jpg.rf.e6e6b094813e31e24fa546d00c4bf0a8.jpg, 0, 0, 0, 0, 0, 0, 0, 1, 0, 0, 0, 0, 0, 0, 0, 0
FreshGuava-589-_jpg.rf.ecc485f5f45cb86549ea9600e6a0adde.jpg, 0, 0, 0, 1, 0, 0, 0, 0, 0, 0, 0, 0, 0, 0, 0, 0
RottenJujube-187-_jpg.rf.f0643b0b63187b1f639870fb0cf78d3a.jpg, 0, 0, 0, 0, 0, 0, 0, 0, 0, 0, 0, 0, 1, 0, 0, 0
FreshGuava-572-_jpg.rf.f0129904d750ac09305a71a1bfd83bad.jpg, 0, 0, 0, 1, 0, 0, 0, 0, 0, 0, 0, 0, 0, 0, 0, 0
RottenGrape-300-_jpg.rf.eaafd0006f9462e14ece5b14855b8ed3.jpg, 0, 0, 0, 0, 0, 0, 0, 0, 0, 0, 1, 0, 0, 0, 0, 0
RottenGuava-226-_jpg.rf.f15b0731c2192d2a80bc5e81b61047fe.jpg, 0, 0, 0, 0, 0, 0, 0, 0, 0, 0, 0, 1, 0, 0, 0, 0
FreshGuava-539-_jpg.rf.eea13a109544043f48a473426346dc64.jpg, 0, 0, 0, 1, 0, 0, 0, 0, 0, 0, 0, 0, 0, 0, 0, 0
RottenApple-97-_jpg.rf.f27d9485ed6342dde39de8fc5734c276.jpg, 0, 0, 0, 0, 0, 0, 0, 0, 1, 0, 0, 0, 0, 0, 0, 0
FreshPomgranate-259-_jpg.rf.f370cc2d1e732c6561895ae1ef36b2db.jpg, 0, 0, 0, 0, 0, 0, 1, 0, 0, 0, 0, 0, 0, 0, 0, 0
RottenBanana-205-_jpg.rf.f167bd6645c4118843868210b29af69b.jpg, 0, 0, 0, 0, 0, 0, 0, 0, 0, 1, 0, 0, 0, 0, 0, 0
RottenBanana-475-_jpg.rf.eec76b41d0a4f9fb0269f371ad7fcae8.jpg, 0, 0, 0, 0, 0, 0, 0, 0, 0, 1, 0, 0, 0, 0, 0, 0
RottenGrape-653-_jpg.rf.f4b01d1de6427c87cb32485217351f46.jpg, 0, 0, 0, 0, 0, 0, 0, 0, 0, 0, 1, 0, 0, 0, 0, 0
RottenStrawberry-182-_jpg.rf.f3bbc9583ae6e01b7ac8065270492acc.jpg, 0, 0, 0, 0, 0, 0, 0, 0, 0, 0, 0, 0, 0, 0, 0, 1
RottenOrange-345-_jpg.rf.f2521862dad136c3a038ed8233c7c774.jpg, 0, 0, 0, 0, 0, 0, 0, 0, 0, 0, 0, 0, 0, 1, 0, 0
RottenOrange-97-_jpg.rf.e79cdfa947ad6f48af0bc773ccc40e4f.jpg, 0, 0, 0, 0, 0, 0, 0, 0, 0, 0, 0, 0, 0, 1, 0, 0
FreshBanana-86-_jpg.rf.eb005a4c642a1938469e4576f330038e.jpg, 0, 1, 0, 0, 0, 0, 0, 0, 0, 0, 0, 0, 0, 0, 0, 0
RottenBanana-104-_jpg.rf.f558c3ac10e8f8700fc4152fb3b1df6d.jpg, 0, 0, 0, 0, 0, 0, 0, 0, 0, 1, 0, 0, 0, 0, 0, 0
RottenGrape-290-_jpg.rf.f144f72e7c0c3a26a07503767535a3b1.jpg, 0, 0, 0, 0, 0, 0, 0, 0, 0, 0, 1, 0, 0, 0, 0, 0
RottenGrape-397-_jpg.rf.f58bb8ca3b6dfea89b7110ed846ddbc8.jpg, 0, 0, 0, 0, 0, 0, 0, 0, 0, 0, 1, 0, 0, 0, 0, 0
RottenApple-459-_jpg.rf.f63c29a408c42d159ecb5bb871497375.jpg, 0, 0, 0, 0, 0, 0, 0, 0, 1, 0, 0, 0, 0, 0, 0, 0
FreshJujube-193-_jpg.rf.f675887d67ee8cc0b9cca19a656fa207.jpg, 0, 0, 0, 0, 1, 0, 0, 0, 0, 0, 0, 0, 0, 0, 0, 0
RottenJujube-109-_jpg.rf.f92919dbc51aa5e8a28c24f4c3978e41.jpg, 0, 0, 0, 0, 0, 0, 0, 0, 0, 0, 0, 0, 1, 0, 0, 0
RottenGrape-60-_jpg.rf.f6e5c85a1c81c2a691da1a9a077fcfe2.jpg, 0, 0, 0, 0, 0, 0, 0, 0, 0, 0, 1, 0, 0, 0, 0, 0
FreshGrape-398-_jpg.rf.f5e0d0e12e832d5425214d0b6c3cc93a.jpg, 0, 0, 1, 0, 0, 0, 0, 0, 0, 0, 0, 0, 0, 0, 0, 0
RottenStrawberry-502-_jpg.rf.fa979d3edb3381bd9ac2cd5796d7f901.jpg, 0, 0, 0, 0, 0, 0, 0, 0, 0, 0, 0, 0, 0, 0, 0, 1
FreshOrange-165-_jpg.rf.fa0a2db0fd2d84de1e54eddfc906eb99.jpg, 1, 0, 0, 0, 0, 0, 0, 0, 0, 0, 0, 0, 0, 0, 0, 0
FreshOrange-165-_jpg.rf.f2dda2052e2b86b3e2609f7da2ae1e7e.jpg, 0, 0, 0, 0, 0, 1, 0, 0, 0, 0, 0, 0, 0, 0, 0, 0